<?xml version="1.0" encoding="utf-8"?>
<ApplicationInstallerManifest>
   <DefaultInstallationDirectory>/Applications/MetaMIS_Win/</DefaultInstallationDirectory>
   <ApplicationName>MetaMIS_Mac</ApplicationName>
   <ExecutableName>application/MetaMIS_Mac.exe</ExecutableName>
   <GUID>7113bf2c-ac35-4b44-8a72-ffc57f6893f7</GUID>
   <ApplicationIcon>icon_48.png</ApplicationIcon>
   <Logo>default_logo.png</Logo>
   <Version>1.02</Version>
   <AuthorOrganization>BRCAS, Taiwan</AuthorOrganization>
   <Summary>Metagenomic Microbial Interaction Simulator</Summary>
   <WelcomePanelText>MetaMIS_Mac 1.02
Metagenomic Microbial Interaction Simulator

MetaMIS: a metagenomic microbial interaction simulator based on a microbial community profiles

developed by Dr. Daryi Wang's Lab

Grace TW Shaw
tzunwen@sinica.edu.tw</WelcomePanelText>
   <MCRProducts>
      <MCRProduct>
         <ExternalProductIdentifier>35000</ExternalProductIdentifier>
      </MCRProduct>
      <MCRProduct>
         <ExternalProductIdentifier>35010</ExternalProductIdentifier>
      </MCRProduct>
   </MCRProducts>
</ApplicationInstallerManifest>