<?xml version="1.0" encoding="utf-8"?>
<productAdditionalComps>
   <dependsOn>
      <component>
         <name>MetaMIS_Mac</name>
         <locale/>
         <platformList>
            <platform>maci64</platform>
         </platformList>
         <version>1.02</version>
      </component>
   </dependsOn>
   <isControllingProduct>true</isControllingProduct>
   <platform>maci64</platform>
   <productName>MetaMIS_Mac</productName>
   <productNumber>5000</productNumber>
   <productBaseCode>MetaMIS_Mac</productBaseCode>
   <productVersion>1.02</productVersion>
   <releaseFamily>R2015b</releaseFamily>
   <releaseDescription>R2015b</releaseDescription>
</productAdditionalComps>